Page Name,City,State,Target Keyword,Build Priority
Custom Walk-In Closets Princeton NJ,Princeton,NJ,walk in closets princeton nj,1
Custom Walk-In Closets Hamilton NJ,Hamilton,NJ,walk in closets hamilton nj,1
Custom Walk-In Closets Ewing NJ,Ewing,NJ,walk in closets ewing nj,1
Custom Walk-In Closets Lawrenceville NJ,Lawrenceville,NJ,walk in closets lawrenceville nj,2
Custom Walk-In Closets West Windsor NJ,West Windsor,NJ,walk in closets west windsor nj,2
Custom Walk-In Closets Robbinsville NJ,Robbinsville,NJ,walk in closets robbinsville nj,2
Custom Walk-In Closets Trenton NJ,Trenton,NJ,walk in closets trenton nj,2
Custom Walk-In Closets Monroe Township NJ,Monroe Township,NJ,walk in closets monroe township nj,2
Custom Walk-In Closets East Brunswick NJ,East Brunswick,NJ,walk in closets east brunswick nj,2
Custom Walk-In Closets Yardley PA,Yardley,PA,walk in closets yardley pa,1
Custom Walk-In Closets Newtown PA,Newtown,PA,walk in closets newtown pa,1
Custom Walk-In Closets Doylestown PA,Doylestown,PA,walk in closets doylestown pa,1
Custom Walk-In Closets New Hope PA,New Hope,PA,walk in closets new hope pa,2
Custom Walk-In Closets Levittown PA,Levittown,PA,walk in closets levittown pa,2
Custom Walk-In Closets Langhorne PA,Langhorne,PA,walk in closets langhorne pa,2
