Level 1,Level 2,Level 3,Level 4
Custom Closets,,,
,Walk-In Closets,,
,,Luxury Master Walk-In Closets,
,,,Custom Dressing Rooms
,,,His and Hers Double Closets
,,,Walk-In Closets with Island
,,,Walk-In Closet with Vanity
,,,Glass Display Wardrobe Walls
,,Small Walk-In Closets,
,,,Small Walk-In Closet Ideas
,,,Narrow Walk-In Layouts
,,,Corner Walk-In Closets
,,,5x5 Walk-In Closet Layouts
,,Walk-In Closet Systems,
,,,Walk-In Systems with Drawers
,,,Walk-In Closet Shelving
,,,Walk-In Closet Lighting Packages
,,Walk-In Closet Ideas and Trends,
,,,Master Bedroom Closet Designs
,,,Walk-In Closet Ideas for Women
,,,Walk-In Closet Ideas for Men
,,,Closet Trends 2026
,Reach-In Closets,,
,,Reach-In Closet Systems,
,,,Reach-In Closets with Drawers
,,,Double Hang Closet Rod Systems
,,,Reach-In Closet Shelving
,,,Reach-In Closets with Deep Sides
,,Reach-In Doors and Fronts,
,,,Sliding Closet Doors
,,,Bifold Door Replacements
,,,Mirrored Closet Doors
,,Reach-In Closet Ideas,
,,,Small Bedroom Reach-In Ideas
,,,Reach-In Closet Remodel
,Wardrobes and Armoires,,
,,Built-In Wardrobes,
,,,Wall-to-Wall Wardrobes
,,,Sliding Door Wardrobes
,,,Wardrobes for Rooms Without Closets
,,Freestanding Wardrobe Units,
,,,Armoire Style Wardrobes
,,,Corner Wardrobe Units
,Kids and Nursery Closets,,
,,Nursery Closets,
,,,Adjustable Nursery Closet Systems
,,,Baby Closet Organizers
,,Kids and Teen Closets,
,,,Kids Closet Organizer Systems
,,,Teen Walk-In Closets
,,,Toy and Game Closet Storage
,Linen Coat and Utility Closets,,
,,Linen Closets,
,,,Linen Closet Shelving Ideas
,,,Deep Linen Cabinet Pull-Outs
,,Entry and Coat Closets,
,,,Hall Closet Makeovers
,,,Coat Closet to Mudroom Conversions
,,Utility and Broom Closets,
,Specialty Closet Storage,,
,,Shoe Storage,
,,,Custom Shoe Walls and Racks
,,,Slanted Shoe Shelves
,,,Shoe Drawers and Pull-Outs
,,Handbag and Accessory Storage,
,,,Purse Display Shelving
,,,Belt Tie and Scarf Pull-Outs
,,Jewelry Storage,
,,,Jewelry Drawers with Dividers
,,,Locking Jewelry Inserts
,,Seasonal and Sports Storage,
,Closet Systems and Organizers,,
,,Custom Closet Organizers,
,,,Closet Organizers with Drawers
,,,Corner Closet Organizers
,,,Closet Rod and Hanging Systems
,,Closet Shelving,
,,,Adjustable Closet Shelving
,,,Built-In Closet Drawers
,Shoe Closets and Displays,,
,,Shoe Wall Display Systems,
,,,Illuminated Shoe Display Closets
,,,Rotating Shoe Racks
,,Shoe Closet Storage,
,,,Shoe Closet Cabinets
,,,Shoe Closets for Small Spaces
Custom Home Storage,,,
,Custom Pantries,,
,,Walk-In Pantries,
,,,Walk-In Pantry Shelving
,,,Corner Pantry Solutions
,,,Under-Stairs Pantries
,,Butlers Pantries,
,,,Coffee and Appliance Stations
,,,Butler Pantry with Wine Storage
,,Cabinet Pantries,
,,,Pull-Out Pantry Trays
,,,Spice and Can Organizers
,,,Pantry Doors and Barn Doors
,,Pantry Ideas,
,,,Kitchen Pantry Design Ideas
,Home Offices,,
,,Built-In Desks,
,,,Executive Built-In Desks
,,,Modern Floating Desks
,,,Two-Person Desk Layouts
,,,Desks with File Drawers
,,Office Cabinets and Shelving,
,,,Built-In Office Bookcases
,,,Office Wall Units and Credenzas
,,,Printer and Supply Cabinets
,,Small and Modern Offices,
,,,Small Home Office Built-Ins
,,,Modern Home Office Designs
,,,Closet Office Conversions
,,Office Murphy Bed Combos,
,Garage Storage,,
,,Custom Garage Cabinets,
,,,Wall-Mounted Garage Cabinets
,,,Tall Garage Storage Cabinets
,,,Garage Workbenches with Storage
,,Garage Wall Systems,
,,,Slatwall Panel Systems
,,,Hook and Rail Systems
,,,Overhead Garage Racks
,,Garage Ideas,
,,,Garage Makeover Ideas
,,,Wood Laminate vs Steel Garage Cabinets
,Wall Beds Murphy Beds,,
,,Murphy Beds with Cabinets,
,,,Queen Murphy Beds
,,,Full and Twin Murphy Beds
,,,King Murphy Beds
,,Murphy Bed Combos,
,,,Murphy Bed with Desk
,,,Murphy Bed with Sofa
,,,Murphy Bed with Storage and Shelves
,,,Murphy Bed with Side Closets
,,Murphy Bed Guide,
,,,Murphy Bed Pros and Cons
,,,Murphy Bed Mattress Guide
,Mudrooms and Entryways,,
,,Mudroom Lockers,
,,,Mudroom Lockers with Doors
,,,Open Cubby Lockers
,,,Bench and Locker Combos
,,Mudroom Benches and Drop Zones,
,,,Mudroom Benches with Shoe Storage
,,,Custom Drop Zone Cabinets
,,,Mudroom Charging Station
,,Entryway Built-Ins,
,,,Hall Tree with Bench and Storage
,,,Entryway Storage Walls
,,Mudroom Planning,
,,,Mudroom Dimensions Guide
,Laundry Rooms,,
,,Laundry Cabinets,
,,,Cabinets Over Washer and Dryer
,,,Wall-Mounted Laundry Cabinets
,,,Laundry Cabinets with Countertop
,,,Laundry Cabinets with Sink
,,Laundry Organization,
,,,Built-In Hanging and Drying Racks
,,,Pull-Out Hampers and Sorting
,,,Folding Stations
,,,Ironing Centers
,,Laundry Ideas,
,,,Small Laundry Room Ideas
,Entertainment and Media Walls,,
,,Built-In Entertainment Centers,
,,,TV Media Walls
,,,Fireplace Built-Ins
,,,Floating Media Consoles
,,Living Room Built-Ins,
,,,Built-In Bookshelves and Libraries
,,,Window Seats and Banquettes
,,,Display Cabinets
,Home Bars and Wine Storage,,
,,Custom Home Bars,
,,,Dry Bar Cabinets
,,,Bar Cabinets with Lighting
,,Wine Storage,
,,,Wine Walls and Racks
,,,Wine Closets
,Craft Hobby and Play Spaces,,
,,Craft Rooms,
,,,Craft Tables and Cabinets
,,,Gift Wrap Stations
,,,Sewing Room Storage
,,Playroom Storage,
,,,Toy Organizer Built-Ins
,,,Reading Nooks and Benches
,Pooja Rooms and Mandirs,,
,,Custom Mandir Units,
,,,Mandir Cabinets with Storage
,,,Pooja Room Shelving and Doors
,Basement and Utility Storage,,
,,Basement Storage Systems,
Closet Design Ideas,,,
,Closet Styles,,
,,Modern and Minimalist Closets,
,,,Modern Flat-Panel Closet Designs
,,,Matte Black Closet Systems
,,,Floating and Backlit Designs
,,Traditional and Classic Closets,
,,,White Shaker Closets
,,,Crown Molding Closet Details
,,,Raised Panel Classic Designs
,,Transitional and Contemporary,
,,,Two-Tone Closet Designs
,,,Fluted and Textured Fronts
,,Boutique Luxury Style,
,,,Glass and Brass Boutique Closets
,,,Display Lighting Looks
,Colors and Materials,,
,,Popular Closet Colors,
,,,White Closet Systems
,,,Grey Closet Systems
,,,Dark and Black Closet Systems
,,Wood-Look Laminates,
,,,Walnut Closet Finishes
,,,Oak and Natural Wood Finishes
,,,Driftwood and Grey Wood Finishes
,,Premium TFL and Textured Laminates,
,,,Woodgrain TFL Closets
,,,Supermatte Finishes
,,,High Gloss Finishes
,,Eco-Friendly Materials,
,,,Low VOC Closet Materials
,Hardware and Accessories,,
,,Handles and Pulls,
,,,Brass and Gold Hardware
,,,Matte Black Hardware
,,,Integrated Edge Pulls
,,Closet Accessories,
,,,Premium Valet Rods
,,,Belt and Tie Racks
,,,Pull-Out Hampers
,,,Ironing Board Pull-Outs
,,Drawer Upgrades,
,,,Soft-Close Drawer Glides
,,,Velvet Jewelry Inserts
,,,Acrylic Drawer Dividers
,Closet Lighting,,
,,LED Closet Lighting,
,,,Lighted Closet Rods
,,,Motion Sensor Closet Lights
,,,Backlit Shelves and Mirrors
,,Lighting Planning,
,,,Closet Lighting Layout Guide
,,,Warm vs Cool Closet Lighting
,Small Space Solutions,,
,,Small Closet Ideas,
,,,Maximize a Small Closet
,,,Apartment and Condo Closets
,,Awkward Space Solutions,
,,,Sloped Ceiling and Attic Storage
,,,Under-Stairs Closets
,,,Corner Space Solutions
Gallery,,,
,Project Galleries,,
,,Walk-In Closet Gallery,
,,Reach-In Closet Gallery,
,,Pantry Gallery,
,,Home Office Gallery,
,,Garage Gallery,
,,Mudroom and Laundry Gallery,
,,Murphy Bed Gallery,
,Before and After,,
,,Closet Transformations,
,,Garage Transformations,
,By Finish,,
,,White and Light Projects,
,,Wood-Tone Projects,
,,Dark and Two-Tone Projects,
Guides and Cost,,,
,Cost Guides,,
,,Custom Closet Cost Guide,
,,,Walk-In Closet Cost
,,,Reach-In Closet Cost
,,,Closet Cost Per Linear Foot
,,,Custom Closet Cost New Jersey
,,,Custom Closet Cost Philadelphia PA
,,Room Cost Guides,
,,,Custom Pantry Cost Guide
,,,Garage Cabinets Cost Guide
,,,Home Office Cost Guide
,,,Mudroom Cost Guide
,,,Laundry Cabinets Cost Guide
,,,Murphy Bed Cost Guide
,,Value and Financing,
,,,Do Custom Closets Add Home Value
,,,Do Pantries Add Home Value
,,,Do Mudrooms Add Home Value
,,,Are Custom Closets Worth It
,,,Closet Financing Options
,Comparisons,,
,,Brand Comparisons,
,,,California Closets vs Closets by Design
,,,California Closets vs Closet Factory
,,,Closets by Design vs Closet Factory
,,,Costco Closet Program Review
,,,Home Depot and Lowes Closet Services Review
,,,Local Custom vs National Franchise
,,System Comparisons,
,,,Reach-In vs Walk-In Closets
,,,Custom Closets vs IKEA PAX
,,,Custom vs DIY Closet Kits
,,,Custom vs Elfa Container Store
,,,Laminate vs Solid Wood Closets
,Planning Guides,,
,,Design Planning,
,,,Walk-In Closet Dimensions
,,,Reach-In Closet Dimensions
,,,Closet Layout Rules and Hanging Heights
,,,How 3D Closet Design Works
,,,Design a Closet Online Free
,,Project Planning,
,,,Closet Installation Timeline
,,,Prep Checklist Before Installation
,,,Questions to Ask a Closet Designer
,Materials Education,,
,,What Is TFL Thermally Fused Laminate,
,,Melamine vs MDF vs Plywood,
,,Soft-Close Hardware Guide,
,,Closet Lighting Buyers Guide,
,Organization Tips,,
,,How to Organize a Walk-In Closet,
,,Seasonal Closet Switch Guide,
,,Declutter Before Your New Closet,
Locations,,,
,New Jersey,,
,,Central New Jersey,
,,Mercer County NJ,
,,,Custom Closets Princeton NJ
,,,Custom Closets Ewing NJ
,,,Custom Closets Hamilton NJ
,,,Custom Closets Lawrenceville NJ
,,,Custom Closets West Windsor NJ
,,,Custom Closets Hopewell NJ
,,,Custom Closets Pennington NJ
,,,Custom Closets Robbinsville NJ
,,,Custom Closets Trenton NJ
,,,Custom Closets East Windsor NJ
,,,Custom Closets Hightstown NJ
,,Somerset and Hunterdon NJ,
,,,Custom Closets Hillsborough NJ
,,,Custom Closets Skillman NJ
,,,Custom Closets Bridgewater NJ
,,,Custom Closets Flemington NJ
,,,Custom Closets Lambertville NJ
,,Middlesex County NJ,
,,,Custom Closets Edison NJ
,,,Custom Closets New Brunswick NJ
,,,Custom Closets Plainsboro NJ
,,,Custom Closets Cranbury NJ
,,,Custom Closets Monroe Township NJ
,,,Custom Closets East Brunswick NJ
,,,Custom Closets South Brunswick NJ
,,Monmouth County NJ,
,,,Custom Closets Freehold NJ
,,,Custom Closets Marlboro NJ
,,,Custom Closets Colts Neck NJ
,,,Custom Closets Holmdel NJ
,,NJ Service Pages,
,,,Murphy Beds NJ
,,,Custom Home Offices NJ
,,,Wardrobe Closets NJ
,,,Garage Cabinets NJ
,,North Jersey Expansion,
,,,Custom Closets Chatham NJ
,,,Custom Closets Millburn NJ
,,,Custom Closets Short Hills NJ
,,,Custom Closets Morristown NJ
,,,Custom Closets Summit NJ
,,,Custom Closets Westfield NJ
,,,Custom Closets Paramus NJ
,,,Custom Closets Hoboken NJ
,,South Jersey,
,,,Custom Closets Cherry Hill NJ
,,,Custom Closets Moorestown NJ
,,,Custom Closets Haddonfield NJ
,,,Custom Closets Bordentown NJ
,Pennsylvania,,
,,Bucks County PA,
,,,Custom Closets Yardley PA
,,,Custom Closets Newtown PA
,,,Custom Closets New Hope PA
,,,Custom Closets Doylestown PA
,,,Custom Closets Washington Crossing PA
,,,Custom Closets Langhorne PA
,,,Custom Closets Levittown PA
,,,Custom Closets Morrisville PA
,,,Custom Closets Richboro PA
,,,Custom Closets Southampton PA
,,,Custom Closets Warrington PA
,,,Custom Closets Warminster PA
,,,Custom Closets Bensalem PA
,,Montgomery County PA,
,,,Custom Closets Blue Bell PA
,,,Custom Closets Ambler PA
,,,Custom Closets Lansdale PA
,,,Custom Closets King of Prussia PA
,,Philadelphia PA,
,,,Custom Closets Center City Philadelphia
,,,Custom Closets Chestnut Hill PA
,,,Custom Closets Northeast Philadelphia
,,Main Line PA Expansion,
,,,Custom Closets Bryn Mawr PA
,,,Custom Closets Villanova PA
,,,Custom Closets Gladwyne PA
,,,Custom Closets Wayne PA
,,,Custom Closets Ardmore PA
,,,Custom Closets Haverford PA
